{"cameraMode":{"drawMode":0,"name":"Shaded","section":"Shading Mode"},"sceneLighting":false,"audioPlay":false,"sceneViewState":{"showFog":true,"showMaterialUpdate":false,"showSkybox":false,"showFlares":true,"showImageEffects":true,"showParticleSystems":true},"in2DMode":false,"pivot":{"x":7.851402759552002,"y":1.729708194732666,"z":-32.560794830322269},"rotation":{"x":-0.16751603782176972,"y":-0.0023689046502113344,"z":0.00040235414053313434,"w":-0.9858682155609131},"size":10.457732200622559,"orthographic":false}